{"products":[{"id":"0.27116382118280713","qty":2},{"id":"0.6178021536602232","qty":2}],"totalQuantity":0,"totalPrice":38.98}